{
    "name": "channel-info",
    "type": "action",
    "trigger": "slashCommand",
    "actions": [
      {
        "name": "Get Channel Info",
        "file": "getChannelInfo.js",
        "data": {
          "name": "Get Channel Info",
          "channelVia": "Variable*",
          "channelFrom": "channel",
   
          "name": "Get Channel Info",
          "channelVia": "Variable*",
          "channelFrom": "channel",
          "get": "Channel Description",
          "undefined": "",
          "storeAs": "description"
        }
      },
      {
        "name": "Get Channel Info",
        "file": "getChannelInfo.js",
        "data": {
          "name": "Get Channel Info",
          "channelVia": "Variable*",
          "channelFrom": "channel",
          "get": "Channel Guild",
          "undefined": "",
          "storeAs": "guild"
        }
      },
      {
        "name": "Get Channel Info",
        "file": "getChannelInfo.js",
        "data": {
          "name": "Get Channel Info",
          "channelVia": "Variable*",
          "channelFrom": "channel",
          "get": "Channel URL",
          "undefined": "",
          "storeAs": "url"
        }
      },
      {
        "name": "Get Channel Info",
        "file": "interactionReply.js",
        "data": {
          "messageContent": "",
          "storeAs": "",
          "to": "",
          "actionRows": [],
          "name": "Reply To Interaction",
          "ExtraData": "",
          "sendTo": "Command Interaction",
          "embeds": [
            {
              "type": "embed",
              "data": {
                "title": "channel-info",
                "embedColor": "#FEE75C",
                "footerContent": "",
                "imageURL": "",
                "footerIconURL": "",
                "thumbnailURL": "",
                "authorName": "",
                "authorIcon": "",
                "description": "",
                "fields": [
                  {
                    "type": "field",
                    "data": {
                      "title": "Name",
                      "value": "${tempVars('name')}",
                      "inline": true
                    }
                  },
                  {
         
                    "type": "field",
                    "data": {
                      "title": "ID",
                      "value": "${tempVars('id')}",
                      "inline": true
                    }
                  },
                  {
                    "type": "field",
                    "data": {
                      "title": "URL",
                      "value": "${tempVars('url')}",
                      "inline": true
                    }
                  },
                  {
                    "type": "field",
                    "data": {
                      "title": "Guild",
                      "value": "${tempVars('guild')}",
                      "inline": true
                    }
                }
            ]
        }
        ],
}
      }],
    "description": "Get infomation about a channel",
    "boundary": {
      "limits": [],
      "worksIn": "guild"
    },
    "color": "rgb(158, 245, 66)"
  }