{
  "READ ME: MESSING AROUND WITH THESE VALUES MIGHT DESTROY YOUR DISCORD BOT. MODIFY ON YOUR BEHALF!": "!!",
  "prefix": "!",
  "commands": {
    "1": {
      "count": 1,
      "name": "New Command",
      "type": "action",
      "trigger": "textCommand",
      "actions": {
        "1": {
          "name": "Send Message",
          "file": "sendmessage.js",
          "data": {
            "messageContent": "Hello World!",
            "button": "Message Channel",
            "ExtraData": "",
            "name": "Send Message"
          }
        }
      }
    }
  },
  "count": 1,
  "settings": {},
  "color": "rgb(7, 19, 20)",
  "btk": "YOUR_BOTS_TOKEN",
  "clientID": "YOUR_BOTS_CLIENT_ID",
  "name": "Studio Bot!",
  "prjSrc": "E:\\nwjs-sdk-v0.73.0-win-x64\\project",
  "reset": false
}